{
  "index": 62,
  "pose_params": [
    1.668799877166748,
    -0.9183999300003052,
    -0.8960000276565552,
    213.69400024414062,
    93.63770294189453,
    113.58200073242188
  ],
  "rotation": [
    1.668799877166748,
    -0.9183999300003052,
    -0.8960000276565552
  ],
  "translation": [
    213.69400024414062,
    93.63770294189453,
    113.58200073242188
  ],
  "timestamp": 1765357356.7257013
}