{
  "index": 53,
  "pose_params": [
    1.757880687713623,
    -0.755279541015625,
    -0.8087291717529297,
    250.35565185546875,
    63.980194091796875,
    84.2361068725586
  ],
  "rotation": [
    1.757880687713623,
    -0.755279541015625,
    -0.8087291717529297
  ],
  "translation": [
    250.35565185546875,
    63.980194091796875,
    84.2361068725586
  ],
  "timestamp": 1764255067.735876
}