{
  "index": 1,
  "pose_params": [
    1.757880687713623,
    -0.755279541015625,
    -0.8087291717529297,
    268.35565185546875,
    111.98019409179688,
    136.23611450195312
  ],
  "rotation": [
    1.757880687713623,
    -0.755279541015625,
    -0.8087291717529297
  ],
  "translation": [
    268.35565185546875,
    111.98019409179688,
    136.23611450195312
  ],
  "timestamp": 1764254986.6295977
}