{
  "index": 26,
  "pose_params": [
    1.5102698802947998,
    -1.119838833808899,
    -0.9305561780929565,
    199.95314025878906,
    29.4659423828125,
    184.68429565429688
  ],
  "rotation": [
    1.5102698802947998,
    -1.119838833808899,
    -0.9305561780929565
  ],
  "translation": [
    199.95314025878906,
    29.4659423828125,
    184.68429565429688
  ],
  "timestamp": 1770309062.4638963
}