{
  "index": 9,
  "pose_params": [
    1.5208895206451416,
    -1.0815213918685913,
    -0.8625832796096802,
    226.87710571289062,
    41.09119415283203,
    189.31455993652344
  ],
  "rotation": [
    1.5208895206451416,
    -1.0815213918685913,
    -0.8625832796096802
  ],
  "translation": [
    226.87710571289062,
    41.09119415283203,
    189.31455993652344
  ],
  "timestamp": 1770309854.8946068
}