{
  "index": 3,
  "pose_params": [
    1.7305831909179688,
    -1.0033090114593506,
    -0.6631520986557007,
    196.03492736816406,
    -14.5,
    150.84375
  ],
  "rotation": [
    1.7305831909179688,
    -1.0033090114593506,
    -0.6631520986557007
  ],
  "translation": [
    196.03492736816406,
    -14.5,
    150.84375
  ],
  "timestamp": 1770110961.0020928
}