{
  "index": 0,
  "pose_params": [
    1.570796251296997,
    0.0,
    0.0,
    184.0,
    184.0,
    116.875
  ],
  "rotation": [
    1.570796251296997,
    0.0,
    0.0
  ],
  "translation": [
    184.0,
    184.0,
    116.875
  ],
  "timestamp": 1762852869.1877048
}