{
  "index": 30,
  "pose_params": [
    1.8521084785461426,
    0.6410213112831116,
    0.44378402829170227,
    250.0,
    208.0,
    106.875
  ],
  "rotation": [
    1.8521084785461426,
    0.6410213112831116,
    0.44378402829170227
  ],
  "translation": [
    250.0,
    208.0,
    106.875
  ],
  "timestamp": 1762774005.1386535
}