{
  "index": 87,
  "pose_params": [
    1.7917362451553345,
    -0.8225916624069214,
    -0.6809298992156982,
    220.0,
    40.3834228515625,
    120.50259399414062
  ],
  "rotation": [
    1.7917362451553345,
    -0.8225916624069214,
    -0.6809298992156982
  ],
  "translation": [
    220.0,
    40.3834228515625,
    120.50259399414062
  ],
  "timestamp": 1762865133.3149834
}