{
  "checkpoint_step": 100000.0,
  "real_xray_invert": true,
  "full_cosine_virtual_mrcp": 0.8104337453842163,
  "full_cosine_real_mrcp": 0.4811781346797943,
  "full_cosine_real_virtual": 0.5904694199562073,
  "pixel_cosine_virtual_mrcp_mean": 0.8104337453842163,
  "pixel_cosine_real_mrcp_mean": 0.4811781644821167,
  "pixel_cosine_real_virtual_mean": 0.5904694199562073,
  "pixel_cosine_virtual_mrcp_p95": 0.9328345060348511,
  "pixel_cosine_real_mrcp_p95": 0.8620733022689819,
  "pixel_cosine_real_virtual_p95": 0.9262715578079224
}