{
  "index": 44,
  "pose_params": [
    1.5502129793167114,
    -1.0967843532562256,
    -0.8651304244995117,
    214.35072326660156,
    45.459022521972656,
    150.8731231689453
  ],
  "rotation": [
    1.5502129793167114,
    -1.0967843532562256,
    -0.8651304244995117
  ],
  "translation": [
    214.35072326660156,
    45.459022521972656,
    150.8731231689453
  ],
  "timestamp": 1770310391.813614
}