{
  "index": 21,
  "pose_params": [
    1.5512385368347168,
    -1.1024161577224731,
    -0.8837198615074158,
    227.41041564941406,
    46.263031005859375,
    149.54205322265625
  ],
  "rotation": [
    1.5512385368347168,
    -1.1024161577224731,
    -0.8837198615074158
  ],
  "translation": [
    227.41041564941406,
    46.263031005859375,
    149.54205322265625
  ],
  "timestamp": 1770313691.9855118
}