{
  "checkpoint": "diffpose/ours/xmr/case/sxh/runs/feature_common_comir_antishortcut/smoke_batch1_20260718/checkpoints/last.pt",
  "step": 3,
  "loss": 3.2945961952209473,
  "xray_to_mrcp": 3.3157551288604736,
  "mrcp_to_xray": 3.2734375,
  "descriptor_shape": [
    1,
    24,
    32768
  ],
  "positive_patches_per_query": 1,
  "cross_modal_negative_patches_per_query": 23,
  "crop_size": [
    176
  ],
  "xray_origin_yx": [
    [
      38,
      36
    ]
  ],
  "mrcp_origin_yx": [
    [
      36,
      60
    ]
  ],
  "xray_rotation_k": [
    3
  ],
  "mrcp_rotation_k": [
    0
  ],
  "canonical_centers_yx": [
    [
      122,
      96
    ],
    [
      50,
      192
    ],
    [
      74,
      120
    ],
    [
      146,
      144
    ],
    [
      122,
      144
    ],
    [
      194,
      120
    ],
    [
      170,
      96
    ],
    [
      194,
      96
    ],
    [
      194,
      168
    ],
    [
      74,
      144
    ],
    [
      50,
      144
    ],
    [
      98,
      120
    ],
    [
      122,
      192
    ],
    [
      98,
      168
    ],
    [
      98,
      192
    ],
    [
      50,
      120
    ],
    [
      170,
      72
    ],
    [
      74,
      72
    ],
    [
      146,
      96
    ],
    [
      146,
      120
    ],
    [
      146,
      72
    ],
    [
      74,
      192
    ],
    [
      194,
      192
    ],
    [
      122,
      120
    ]
  ],
  "xray_centers_yx": [
    [
      87.5,
      132.59091186523438
    ],
    [
      227.13636779785156,
      237.31817626953125
    ],
    [
      122.40909576416016,
      202.40908813476562
    ],
    [
      157.3181915283203,
      97.68180847167969
    ],
    [
      157.3181915283203,
      132.59091186523438
    ],
    [
      122.40909576416016,
      27.863632202148438
    ],
    [
      87.5,
      62.77272033691406
    ],
    [
      87.5,
      27.863632202148438
    ],
    [
      192.22727966308594,
      27.863632202148438
    ],
    [
      157.3181915283203,
      202.40908813476562
    ],
    [
      157.3181915283203,
      237.31817626953125
    ],
    [
      122.40909576416016,
      167.5
    ],
    [
      227.13636779785156,
      132.59091186523438
    ],
    [
      192.22727966308594,
      167.5
    ],
    [
      227.13636779785156,
      167.5
    ],
    [
      122.40909576416016,
      237.31817626953125
    ],
    [
      52.590911865234375,
      62.77272033691406
    ],
    [
      52.590911865234375,
      202.40908813476562
    ],
    [
      87.5,
      97.68180847167969
    ],
    [
      122.40909576416016,
      97.68180847167969
    ],
    [
      52.590911865234375,
      97.68180847167969
    ],
    [
      227.13636779785156,
      202.40908813476562
    ],
    [
      227.13636779785156,
      27.863632202148438
    ],
    [
      122.40909576416016,
      132.59091186523438
    ]
  ],
  "mrcp_centers_yx": [
    [
      125.31818389892578,
      52.590911865234375
    ],
    [
      20.590909957885742,
      192.22727966308594
    ],
    [
      55.5,
      87.5
    ],
    [
      160.22727966308594,
      122.40909576416016
    ],
    [
      125.31818389892578,
      122.40909576416016
    ],
    [
      230.0454559326172,
      87.5
    ],
    [
      195.13636779785156,
      52.590911865234375
    ],
    [
      230.0454559326172,
      52.590911865234375
    ],
    [
      230.0454559326172,
      157.3181915283203
    ],
    [
      55.5,
      122.40909576416016
    ],
    [
      20.590909957885742,
      122.40909576416016
    ],
    [
      90.40909576416016,
      87.5
    ],
    [
      125.31818389892578,
      192.22727966308594
    ],
    [
      90.40909576416016,
      157.3181915283203
    ],
    [
      90.40909576416016,
      192.22727966308594
    ],
    [
      20.590909957885742,
      87.5
    ],
    [
      195.13636779785156,
      17.68181800842285
    ],
    [
      55.5,
      17.68181800842285
    ],
    [
      160.22727966308594,
      52.590911865234375
    ],
    [
      160.22727966308594,
      87.5
    ],
    [
      160.22727966308594,
      17.68181800842285
    ],
    [
      55.5,
      192.22727966308594
    ],
    [
      230.0454559326172,
      192.22727966308594
    ],
    [
      125.31818389892578,
      87.5
    ]
  ]
}