{
  "selected_chain_index": 55,
  "selection_score": 21.942588806152344,
  "losses": {
    "initial": {
      "total": 102.26040649414062,
      "position": 101.90689086914062,
      "tangent": 0.1767583042383194,
      "pose": 4.005858839084553e-11
    },
    "final": {
      "total": 21.123210906982422,
      "position": 20.80217933654785,
      "tangent": 0.10151562094688416,
      "pose": 117.99958801269531
    }
  },
  "final_pose": {
    "euler_zyx": [
      -1.029371738433838,
      0.04810906574130058,
      1.799892544746399
    ],
    "translation": [
      247.5985870361328,
      73.42411041259766,
      158.37574768066406
    ],
    "se3_log": [
      231.5469512939453,
      254.39578247070312,
      -85.05387878417969,
      1.6435872316360474,
      -0.8885153532028198,
      -0.7689218521118164
    ]
  },
  "initial_pose": {
    "euler_zyx": [
      -1.0315451622009277,
      -0.017460009083151817,
      1.8434423208236694
    ],
    "translation": [
      253.6473388671875,
      59.54525375366211,
      125.81620025634766
    ],
    "se3_log": [
      239.71839904785156,
      206.48406982421875,
      -107.09088134765625,
      1.648662805557251,
      -0.9492148756980896,
      -0.6974483132362366
    ]
  }
}