{
  "seed": 20260716,
  "sample_count": 4,
  "mrcp_projection_mode": "max",
  "center_pose": {
    "euler_zyx_radians": [
      -1.0315451622009277,
      -0.017460009083151817,
      1.8434423208236694
    ],
    "translation_mm": [
      253.6473388671875,
      59.54525375366211,
      125.81620025634766
    ]
  },
  "old_training_offset_distribution": {
    "rotation_std_radians": [
      0.39269908169872414,
      0.3141592653589793,
      0.2617993877991494
    ],
    "translation_std_mm": [
      30.0,
      50.0,
      30.0
    ],
    "ct_bone_attenuation_multiplier_uniform": [
      0.5,
      8.0
    ]
  },
  "normalization": "ours.utils.CT_dataset.Transforms(256, radius=119): resize, batch-wide min-max, inversion, circular FOV, Normalize(0.3080, 0.1494)",
  "samples": [
    {
      "sample": 0,
      "contrast_multiplier": 6.071403503417969,
      "offset_euler_zyx_radians": [
        0.03651200607419014,
        -0.4394156336784363,
        0.3929365277290344
      ],
      "offset_euler_zyx_degrees": [
        2.0919837951660156,
        -25.176660537719727,
        22.51360321044922
      ],
      "offset_translation_mm": [
        -11.804250717163086,
        78.78569793701172,
        -28.522218704223633
      ],
      "global_euler_zyx_radians": [
        -0.8923158645629883,
        0.06434314697980881,
        2.4187674522399902
      ],
      "global_translation_mm": [
        241.83551025390625,
        140.661376953125,
        105.4828109741211
      ],
      "ct_drr": "/data/zsr/project/diffpose/ours/xmr/case/sxh/runs/feature_training_samples_xray031/seed_20260716_n4_max/sample_00_ct_drr.png",
      "mrcp": "/data/zsr/project/diffpose/ours/xmr/case/sxh/runs/feature_training_samples_xray031/seed_20260716_n4_max/sample_00_mrcp.png",
      "bile_overlay": "/data/zsr/project/diffpose/ours/xmr/case/sxh/runs/feature_training_samples_xray031/seed_20260716_n4_max/sample_00_bile_overlay.png",
      "triptych": "/data/zsr/project/diffpose/ours/xmr/case/sxh/runs/feature_training_samples_xray031/seed_20260716_n4_max/sample_00_triptych.png"
    },
    {
      "sample": 1,
      "contrast_multiplier": 6.071403503417969,
      "offset_euler_zyx_radians": [
        0.07518377155065536,
        -0.05258025601506233,
        0.07360997051000595
      ],
      "offset_euler_zyx_degrees": [
        4.307712554931641,
        -3.0126266479492188,
        4.217540264129639
      ],
      "offset_translation_mm": [
        20.583396911621094,
        -18.960521697998047,
        -24.827329635620117
      ],
      "global_euler_zyx_radians": [
        -0.9543758630752563,
        0.01864062063395977,
        1.9263615608215332
      ],
      "global_translation_mm": [
        277.8611145019531,
        45.261016845703125,
        100.45037078857422
      ],
      "ct_drr": "/data/zsr/project/diffpose/ours/xmr/case/sxh/runs/feature_training_samples_xray031/seed_20260716_n4_max/sample_01_ct_drr.png",
      "mrcp": "/data/zsr/project/diffpose/ours/xmr/case/sxh/runs/feature_training_samples_xray031/seed_20260716_n4_max/sample_01_mrcp.png",
      "bile_overlay": "/data/zsr/project/diffpose/ours/xmr/case/sxh/runs/feature_training_samples_xray031/seed_20260716_n4_max/sample_01_bile_overlay.png",
      "triptych": "/data/zsr/project/diffpose/ours/xmr/case/sxh/runs/feature_training_samples_xray031/seed_20260716_n4_max/sample_01_triptych.png"
    },
    {
      "sample": 2,
      "contrast_multiplier": 6.071403503417969,
      "offset_euler_zyx_radians": [
        0.0034662126563489437,
        -0.15953443944454193,
        -0.10136016458272934
      ],
      "offset_euler_zyx_degrees": [
        0.19859933853149414,
        -9.140649795532227,
        -5.807509422302246
      ],
      "offset_translation_mm": [
        -46.17643356323242,
        -22.87875747680664,
        33.039955139160156
      ],
      "global_euler_zyx_radians": [
        -1.044998049736023,
        -0.18548308312892914,
        1.9300508499145508
      ],
      "global_translation_mm": [
        203.99087524414062,
        38.384521484375,
        175.4624786376953
      ],
      "ct_drr": "/data/zsr/project/diffpose/ours/xmr/case/sxh/runs/feature_training_samples_xray031/seed_20260716_n4_max/sample_02_ct_drr.png",
      "mrcp": "/data/zsr/project/diffpose/ours/xmr/case/sxh/runs/feature_training_samples_xray031/seed_20260716_n4_max/sample_02_mrcp.png",
      "bile_overlay": "/data/zsr/project/diffpose/ours/xmr/case/sxh/runs/feature_training_samples_xray031/seed_20260716_n4_max/sample_02_bile_overlay.png",
      "triptych": "/data/zsr/project/diffpose/ours/xmr/case/sxh/runs/feature_training_samples_xray031/seed_20260716_n4_max/sample_02_triptych.png"
    },
    {
      "sample": 3,
      "contrast_multiplier": 6.071403503417969,
      "offset_euler_zyx_radians": [
        -0.040748223662376404,
        0.29324451088905334,
        -0.6289010643959045
      ],
      "offset_euler_zyx_degrees": [
        -2.3347010612487793,
        16.801671981811523,
        -36.03337478637695
      ],
      "offset_translation_mm": [
        13.412552833557129,
        32.340614318847656,
        31.239845275878906
      ],
      "global_euler_zyx_radians": [
        -0.8578892350196838,
        -0.35571980476379395,
        1.2331721782684326
      ],
      "global_translation_mm": [
        274.8396911621094,
        106.50482177734375,
        166.13406372070312
      ],
      "ct_drr": "/data/zsr/project/diffpose/ours/xmr/case/sxh/runs/feature_training_samples_xray031/seed_20260716_n4_max/sample_03_ct_drr.png",
      "mrcp": "/data/zsr/project/diffpose/ours/xmr/case/sxh/runs/feature_training_samples_xray031/seed_20260716_n4_max/sample_03_mrcp.png",
      "bile_overlay": "/data/zsr/project/diffpose/ours/xmr/case/sxh/runs/feature_training_samples_xray031/seed_20260716_n4_max/sample_03_bile_overlay.png",
      "triptych": "/data/zsr/project/diffpose/ours/xmr/case/sxh/runs/feature_training_samples_xray031/seed_20260716_n4_max/sample_03_triptych.png"
    }
  ]
}