{
  "index": 84,
  "pose_params": [
    1.666691541671753,
    -0.8920893669128418,
    -0.8697017431259155,
    218.55636596679688,
    97.47850799560547,
    118.1973648071289
  ],
  "rotation": [
    1.666691541671753,
    -0.8920893669128418,
    -0.8697017431259155
  ],
  "translation": [
    218.55636596679688,
    97.47850799560547,
    118.1973648071289
  ],
  "timestamp": 1770145344.5873413
}