{
  "index": 76,
  "pose_params": [
    1.627830147743225,
    -0.9939408302307129,
    -0.8972822427749634,
    204.53115844726562,
    96.7064437866211,
    119.10191345214844
  ],
  "rotation": [
    1.627830147743225,
    -0.9939408302307129,
    -0.8972822427749634
  ],
  "translation": [
    204.53115844726562,
    96.7064437866211,
    119.10191345214844
  ],
  "timestamp": 1770144770.749319
}