{
  "index": 74,
  "pose_params": [
    1.67410147190094,
    -0.8939963579177856,
    -0.8704289197921753,
    216.95968627929688,
    96.94718170166016,
    116.40692901611328
  ],
  "rotation": [
    1.67410147190094,
    -0.8939963579177856,
    -0.8704289197921753
  ],
  "translation": [
    216.95968627929688,
    96.94718170166016,
    116.40692901611328
  ],
  "timestamp": 1770145133.0647032
}