{
  "index": 32,
  "pose_params": [
    1.6399918794631958,
    -0.9539187550544739,
    -0.8773599863052368,
    194.0736541748047,
    89.00862884521484,
    118.64253234863281
  ],
  "rotation": [
    1.6399918794631958,
    -0.9539187550544739,
    -0.8773599863052368
  ],
  "translation": [
    194.0736541748047,
    89.00862884521484,
    118.64253234863281
  ],
  "timestamp": 1770144160.641992
}