{
  "index": 27,
  "pose_params": [
    1.4927353858947754,
    -0.9235249757766724,
    -0.8894140124320984,
    143.73699951171875,
    37.95317077636719,
    151.72116088867188
  ],
  "rotation": [
    1.4927353858947754,
    -0.9235249757766724,
    -0.8894140124320984
  ],
  "translation": [
    143.73699951171875,
    37.95317077636719,
    151.72116088867188
  ],
  "timestamp": 1771054609.1762826
}