{
  "index": 8,
  "pose_params": [
    1.4678001403808594,
    -1.0015000104904175,
    -0.9084000587463379,
    139.656494140625,
    26.18377685546875,
    153.54931640625
  ],
  "rotation": [
    1.4678001403808594,
    -1.0015000104904175,
    -0.9084000587463379
  ],
  "translation": [
    139.656494140625,
    26.18377685546875,
    153.54931640625
  ],
  "timestamp": 1769448217.573767
}