{
  "index": 0,
  "pose_params": [
    1.6272088289260864,
    -0.8583389520645142,
    -0.9916448593139648,
    239.5238037109375,
    11.5,
    113.9296875
  ],
  "rotation": [
    1.6272088289260864,
    -0.8583389520645142,
    -0.9916448593139648
  ],
  "translation": [
    239.5238037109375,
    11.5,
    113.9296875
  ],
  "timestamp": 1764246559.94642
}