{
  "output_dir": "diffpose/ours/xmr/case/sxh/runs/feature_pose_optimization_check/virtual_xray031_20260719_184725",
  "mode": "virtual",
  "checkpoint_step": 100000,
  "initial_loss": 0.647581934928894,
  "final_loss": 0.6433109045028687,
  "best_loss": 0.6433109045028687,
  "best_step": 2,
  "final_rotation_delta_zyx_radians": [
    0.030103756114840508,
    -0.06000523641705513,
    -0.05864835903048515
  ],
  "final_translation_delta_mm": [
    -3.4586942195892334,
    -2.9642248153686523,
    3.0815224647521973
  ],
  "history_tail": [
    {
      "step": 1,
      "loss": 0.647581934928894,
      "gradient_norm": 1.0157420635223389,
      "rotation_delta_zyx_radians": [
        0.029999997466802597,
        -0.029999999329447746,
        -0.030000001192092896
      ],
      "translation_delta_mm": [
        -1.9999958276748657,
        -1.9999871253967285,
        1.9999988079071045
      ],
      "elapsed_seconds": 0.44378167763352394
    },
    {
      "step": 2,
      "loss": 0.6433109045028687,
      "gradient_norm": 0.8218887448310852,
      "rotation_delta_zyx_radians": [
        0.030103756114840508,
        -0.06000523641705513,
        -0.05864835903048515
      ],
      "translation_delta_mm": [
        -3.4586942195892334,
        -2.9642248153686523,
        3.0815224647521973
      ],
      "elapsed_seconds": 0.5122158117592335
    }
  ]
}