{
  "index": 54,
  "pose_params": [
    1.6365375518798828,
    -0.8426014184951782,
    -0.640862226486206,
    279.2518310546875,
    69.84534454345703,
    109.29673767089844
  ],
  "rotation": [
    1.6365375518798828,
    -0.8426014184951782,
    -0.640862226486206
  ],
  "translation": [
    279.2518310546875,
    69.84534454345703,
    109.29673767089844
  ],
  "timestamp": 1771668310.6061294
}