{
  "index": 24,
  "pose_params": [
    1.6540827751159668,
    -0.9478628635406494,
    -0.6816626787185669,
    253.34310913085938,
    62.71046829223633,
    127.73553466796875
  ],
  "rotation": [
    1.6540827751159668,
    -0.9478628635406494,
    -0.6816626787185669
  ],
  "translation": [
    253.34310913085938,
    62.71046829223633,
    127.73553466796875
  ],
  "timestamp": 1770366364.7236109
}