{
  "index": 39,
  "pose_params": [
    1.6271417140960693,
    -1.0059529542922974,
    -0.7020463347434998,
    245.03363037109375,
    55.717735290527344,
    109.60511779785156
  ],
  "rotation": [
    1.6271417140960693,
    -1.0059529542922974,
    -0.7020463347434998
  ],
  "translation": [
    245.03363037109375,
    55.717735290527344,
    109.60511779785156
  ],
  "timestamp": 1770366696.3544972
}