{
  "index": 13,
  "pose_params": [
    1.6503361463546753,
    -0.9567089080810547,
    -0.6884021759033203,
    253.95753479003906,
    60.173946380615234,
    127.73553466796875
  ],
  "rotation": [
    1.6503361463546753,
    -0.9567089080810547,
    -0.6884021759033203
  ],
  "translation": [
    253.95753479003906,
    60.173946380615234,
    127.73553466796875
  ],
  "timestamp": 1770366292.8208494
}