{
  "index": 67,
  "pose_params": [
    1.619820475578308,
    -0.829098641872406,
    -0.6201907992362976,
    276.8567199707031,
    68.85529327392578,
    107.01913452148438
  ],
  "rotation": [
    1.619820475578308,
    -0.829098641872406,
    -0.6201907992362976
  ],
  "translation": [
    276.8567199707031,
    68.85529327392578,
    107.01913452148438
  ],
  "timestamp": 1771667729.3927982
}