{
  "index": 61,
  "pose_params": [
    1.6047084331512451,
    -0.8582420945167542,
    -0.6259557008743286,
    272.7286682128906,
    67.2562255859375,
    110.20184326171875
  ],
  "rotation": [
    1.6047084331512451,
    -0.8582420945167542,
    -0.6259557008743286
  ],
  "translation": [
    272.7286682128906,
    67.2562255859375,
    110.20184326171875
  ],
  "timestamp": 1771667360.127505
}