{
  "index": 30,
  "pose_params": [
    1.6429789066314697,
    -0.8877707719802856,
    -0.6967146396636963,
    253.5390625,
    92.390625,
    120.0
  ],
  "rotation": [
    1.6429789066314697,
    -0.8877707719802856,
    -0.6967146396636963
  ],
  "translation": [
    253.5390625,
    92.390625,
    120.0
  ],
  "timestamp": 1771012418.8274052
}