{
  "output_dir": "diffpose/ours/xmr/case/sxh/runs/feature_pose_optimization_smoke/virtual_xray031_20260719_182445",
  "mode": "virtual",
  "checkpoint_step": 3,
  "initial_loss": 0.9367512464523315,
  "final_loss": 0.9359695911407471,
  "best_loss": 0.9359695911407471,
  "best_step": 2,
  "final_rotation_delta_zyx_radians": [
    -0.05854039266705513,
    -0.020939460024237633,
    0.010031081736087799
  ],
  "final_translation_delta_mm": [
    1.0466331243515015,
    1.0969732999801636,
    1.119913101196289
  ],
  "history_tail": [
    {
      "step": 1,
      "loss": 0.9367512464523315,
      "gradient_norm": 0.1950511783361435,
      "rotation_delta_zyx_radians": [
        -0.029999999329447746,
        -0.029999999329447746,
        0.0299999862909317
      ],
      "translation_delta_mm": [
        1.999975562095642,
        1.9999523162841797,
        1.9999887943267822
      ],
      "elapsed_seconds": 0.505983516573906
    },
    {
      "step": 2,
      "loss": 0.9359695911407471,
      "gradient_norm": 0.35493287444114685,
      "rotation_delta_zyx_radians": [
        -0.05854039266705513,
        -0.020939460024237633,
        0.010031081736087799
      ],
      "translation_delta_mm": [
        1.0466331243515015,
        1.0969732999801636,
        1.119913101196289
      ],
      "elapsed_seconds": 0.5671108141541481
    }
  ]
}