{
  "checkpoint_step": 100000.0,
  "mrcp_registration": "refined",
  "real_xray_invert": true,
  "full_cosine_virtual_mrcp": 0.7811563014984131,
  "full_cosine_real_mrcp": 0.3644524812698364,
  "full_cosine_real_virtual": 0.5642681121826172,
  "pixel_cosine_virtual_mrcp_mean": 0.7811562418937683,
  "pixel_cosine_real_mrcp_mean": 0.3644524812698364,
  "pixel_cosine_real_virtual_mean": 0.5642681121826172,
  "pixel_cosine_virtual_mrcp_p95": 0.9227771759033203,
  "pixel_cosine_real_mrcp_p95": 0.8262413740158081,
  "pixel_cosine_real_virtual_p95": 0.9071188569068909
}