{
  "index": 80,
  "pose_params": [
    1.8619422912597656,
    0.5314831733703613,
    0.6587444543838501,
    382.0,
    284.6943054199219,
    181.233154296875
  ],
  "rotation": [
    1.8619422912597656,
    0.5314831733703613,
    0.6587444543838501
  ],
  "translation": [
    382.0,
    284.6943054199219,
    181.233154296875
  ],
  "timestamp": 1762454534.7446554
}