{
  "index": 15,
  "pose_params": [
    1.0996235609054565,
    0.4546596109867096,
    0.6106992959976196,
    382.0,
    284.6943054199219,
    181.233154296875
  ],
  "rotation": [
    1.0996235609054565,
    0.4546596109867096,
    0.6106992959976196
  ],
  "translation": [
    382.0,
    284.6943054199219,
    181.233154296875
  ],
  "timestamp": 1762454712.3063207
}